TEST,COUCOUCCCCCCCC
TEST,COUCOUCCCCCCCC
GILOOOOOOO,"ca va vieille brancheeeeeeeeee"
GILOOOOOOO,"ca va vieille brancheeeeeeeeee"
GILOOOOOOO,"ca va vieille brancheeeeeeeeee"
GILOOOOOOO,"ca va vieille brancheeeeeeeeee"
GILOOOOOOO,"ca va vieille brancheeeeeeeeee"
GILOOOOOOO,"ca va vieille brancheeeeeeeeee"
DESERRRRRR,cfsdqjfdsfhjsdhuh
DESERRRRRR,cfsdqjfdsfhjsdhuh
EVAN,"ca va toi"
EVAN,"ca va toi"
DD,dd
DD,dd
EZE,ezez
EZE,ezez
FRANCIS,ddd
FRANCIS,ddd
H,h
H,h
FRANCIS,ffsdfdsf
FRANCIS,ffsdfdsf
FF,ghdghdtrhr
FF,ghdghdtrhr
FRANCIS,eeee
FRANCIS,eeee
BONNOUR,cccc
BONNOUR,cccc
FRANCKY,"c moi le maitre des temps"
FRANCKY,"c moi le maitre des temps"
FF,fff
FF,fff
FF,fff
FF,fff
G,g
G,g
D,dddd
D,dddd
D,ddddd
D,ddddd
D,ddd
D,ddd
HH,hhhhh
HH,hhhhh
H,hhhh
H,hhhh
H,hhhh
H,hhhh
H,hhhh
H,hhhh
DD,ddd
DD,ddd
DD,ddd
DD,ddd
DD,ddd
DD,ddd
DD,ddd
DD,ddd
DD,ddd
DD,ddd
F,ff
F,ff
F,ffffff
F,ffffff
JUJUUUUU,vsdivjisodhfiohfiohio^zerhfh
JUJUUUUU,vsdivjisodhfiohfiohio^zerhfh
"FFF ",fdsqfsdfq
"FFF ",fdsqfsdfq
MANCION,"Slt hdjdjsjss"
MANCION,"Slt hdjdjsjss"
FRAAAA,fdfferfzerfzer
FRAAAA,fdfferfzerfzer
ERIKA,"slt franck pas mal ton siote"
ERIKA,"slt franck pas mal ton siote"
KLEVANN,Koulash
KLEVANN,Koulash
HGHH,Hsjejejje
HGHH,Hsjejejje
TROUDUC,"Espece de gros.nul"
TROUDUC,"Espece de gros.nul"
FF,ffff
FF,ffff
FF,ffff
FF,ffff
